metric,average,sd
accuracy,0.9791614192903549,0.01888064236788866
recall,0.8669379452502348,0.18958848228785058
precision,0.8307993647884789,0.17135283096311793
f1_score,0.8392483339321752,0.17130039994879287
mcc_score,0.8325977170364416,0.17243838663962294
